[2024-10-12 13:52:56.7433] Sinyal diterima: {"id": 8799, "price_now": 96900, "metadata": "{\"success\":true,\"message\":\"\",\"gateway_code\":\"BCAVA\",\"express_checkout_param\":{\"account_name\":\"\",\"account_number\":\"\",\"bank_id\":\"\",\"pan\":\"\",\"issuer\":\"\",\"card_token\":\"\",\"card_type\":\"\",\"total_saved_card\":\"\",\"installment_term\":\"0\",\"expiry\":\"\",\"bank_code\":\"\",\"pocket_id\":\"\",\"cc_number\":\"\"},\"express_checkout_url\":\"\",\"high_risk_flag\":\"\",\"description\":\"\",\"image\":\"https://images.tokopedia.net/img/toppay/sprites/bca.png\",\"signature\":\"\",\"customer_name\":\"\",\"customer_email\":\"\",\"user_id\":246116973}", "gateway_code": "BCAVA", "is_free_shipping": false, "warehouse_id": 13056835, "is_fulfillment": true, "product_info": {"cat_id": 2164, "product_min_order": 1, "product_weight": 300, "product_insurance": 1, "product_price": 96900}, "shop_info": {"shop_tier": 2, "store_postal_code": "17132", "store_district_id": 2205, "store_latitude": "-6.1985026999999775", "store_longitude": "106.97833530000
[2024-10-12 13:52:56.7433] Sinyal diterima: 003"}, "origin": "2205|17132|-6.1985026999999775,106.97833530000003", "group_metadata": "{\"o2o\":{\"type\":\"\"},\"order_data\":[{\"unique_id\":\"3179676-0-13056835-227511839\",\"shop\":{\"shop_id\":3179676},\"group_product\":[{\"group_qty\":1,\"products\":[{\"unique_id\":8663253149,\"product_id\":13689701682,\"quantity\":1,\"cpl_shipper_product_ids\":[],\"warehouse_id\":13056835}]}]}]}", "is_preorder": 0, "fee": {"fee_app": 1000, "fee_service": 1000}, "token": "Tokopedia+Kero:bVIr5zCYb81IIJ/BoNZdL6eJeKs=", "ut": 1728715980, "spids": "1,2,6,22,8,20,28,59,43,18,44,51,37,24,27,45,46,47,50", "weight": 0.3, "quantity": 1}